IdSensore;NomeTipoSensore;UnitaMisura;Idstazione;NomeStazione;Quota;Provincia;Comune;DataStart;location
10431;Ossidi di Azoto;µg/m³;1264;Sondrio v.Paribelli;290;SO;Sondrio;11/11/2008;(46.167852440665115, 9.879209924469903)
9968;Ossidi di Azoto;µg/m³;679;Valmadrera v.Pozzi;247;LC;Valmadrera;16/02/2006;(45.842207261022544, 9.351658166127958)
20197;PM10 (SM2005);µg/m³;598;San Rocco al Porto v.Matteotti;50;LO;San Rocco al Porto;01/01/2002;(45.081986696978625, 9.70078817718398)
5611;Biossido di Azoto;µg/m³;608;Codogno v.Trento;59;LO;Codogno;13/01/2000;(45.15937280234111, 9.69814824935254)
10347;Particelle sospese PM2.5;µg/m³;670;Mantova S.Agnese;22;MN;Mantova;21/12/2007;(45.16056833010576, 10.79556411370788)
5749;Ozono;µg/m³;554;Saronno v.Santuario;212;VA;Saronno;09/05/1991;(45.627357052738944, 9.026401379770974)
10197;Particelle sospese PM2.5;µg/m³;697;Borgofranco sul Po loc. Bonizzo;14;MN;Borgofranco sul Po;01/12/2006;(45.04650153816735, 11.18093581912755)
6915;PM10 (SM2005);µg/m³;554;Saronno v.Santuario;212;VA;Saronno;16/12/2003;(45.627357052738944, 9.026401379770974)
6398;Ossidi di Azoto;µg/m³;554;Saronno v.Santuario;212;VA;Saronno;28/03/1997;(45.627357052738944, 9.026401379770974)
20465;BlackCarbon;µg/m³;548;Milano v.Senato;118;MI;Milano;;(45.470499014097, 9.197460360112531)
9873;Particelle sospese PM2.5;µg/m³;554;Saronno v.Santuario;212;VA;Saronno;11/12/2005;(45.627357052738944, 9.026401379770974)
5664;Biossido di Zolfo;µg/m³;612;Filago v.Fermi;176;BG;Filago;17/07/1992;(45.6244564811923, 9.556504350318216)
5557;Biossido di Azoto;µg/m³;554;Saronno v.Santuario;212;VA;Saronno;28/03/1997;(45.627357052738944, 9.026401379770974)
20429;PM10 (SM2005);µg/m³;501;Milano v.Marche;129;MI;Milano;01/01/2018;(45.49631644365102, 9.190933555313624)
20529;Particelle sospese PM2.5;µg/m³;501;Milano v.Marche;129;MI;Milano;01/01/2022;(45.49631644365102, 9.190933555313624)
12531;PM10 (SM2005);µg/m³;1297;Spinadesco v.Battisti;48;CR;Spinadesco;16/02/2011;(45.150468869856816, 9.930596472272326)
5665;Biossido di Zolfo;µg/m³;595;Filago v.Don Milani;190;BG;Filago;07/12/1991;(45.63386450908066, 9.556084255790864)
17122;Particelle sospese PM2.5;µg/m³;548;Milano v.Senato;118;MI;Milano;04/09/2012;(45.470499014097, 9.197460360112531)
20004;BlackCarbon;µg/m³;705;Milano Pascal Città Studi;122;MI;Milano;30/09/2013;(45.47899606168744, 9.235491038497502)
9993;Biossido di Azoto;µg/m³;682;Ferrera Erbognone ENI;88;PV;Ferrera Erbognone;21/01/2006;(45.11350314482957, 8.874064848882607)
9797;Benzene;µg/m³;670;Mantova S.Agnese;22;MN;Mantova;30/09/2005;(45.16056833010576, 10.79556411370788)
5738;Ozono;µg/m³;607;Abbadia Cerreto v. Fanfulla;64;LO;Abbadia Cerreto;10/04/2001;(45.309502269282255, 9.585790416120414)
20497;Benzene;µg/m³;1801;Brescia v.Tartaglia;151;BS;Brescia;;(45.542647891822845, 10.211205215118259)
5575;Biossido di Azoto;µg/m³;572;Morbegno v.Cortivacci;262;SO;Morbegno;13/01/1999;(46.132282960003735, 9.566179893984474)
6274;Ossidi di Azoto;µg/m³;598;San Rocco al Porto v.Matteotti;50;LO;San Rocco al Porto;24/01/2002;(45.081986696978625, 9.70078817718398)
20104;Particelle sospese PM2.5;µg/m³;592;Treviglio p.zza Insurrezione;191;BG;Treviglio;01/03/2015;(45.51933498138716, 9.592009994888425)
5812;Monossido di Carbonio;mg/m³;606;San Giuliano Milanese via Milano;97;MI;San Giuliano Milanese;13/01/2000;(45.39619462552717, 9.282700075557845)
5834;Monossido di Carbonio;mg/m³;548;Milano v.Senato;118;MI;Milano;01/05/1995;(45.470499014097, 9.197460360112531)
10288;Ozono;µg/m³;706;Lecco v.Sora;272;LC;Lecco;28/06/2007;(45.86374884127965, 9.399950344681852)
6356;Ossidi di Azoto;µg/m³;504;Sesto San Giovanni v. Cesare da Sesto;139;MI;Sesto San Giovanni;18/12/1980;(45.53476576509224, 9.236107923411636)
5595;Biossido di Azoto;µg/m³;592;Treviglio p.zza Insurrezione;191;BG;Treviglio;02/06/1991;(45.51933498138716, 9.592009994888425)
5809;Monossido di Carbonio;mg/m³;600;Lodi v.Vignati;80;LO;Lodi;30/12/1999;(45.30601298752377, 9.48526286320174)
5555;Biossido di Azoto;µg/m³;552;Varese v.Vidoletti;425;VA;Varese;24/12/1991;(45.83690077655548, 8.80392612667495)
10001;Ossidi di Azoto;µg/m³;683;Cassano d'Adda 2-v.Milano;133;MI;Cassano d'Adda;17/02/2006;(45.52647254585104, 9.515980483627096)
9859;Monossido di Carbonio;mg/m³;673;Voghera v.Pozzoni;90;PV;Voghera;05/07/2005;(44.99954598914026, 9.008437381815693)
5853;Monossido di Carbonio;mg/m³;560;Varese v.Copelli;383;VA;Varese;07/08/2003;(45.816973233263674, 8.820240707158211)
6953;PM10 (SM2005);µg/m³;659;Odolo v.Praes;349;BS;Odolo;23/06/2000;(45.64604963372525, 10.38929530279196)
6270;Ossidi di Azoto;µg/m³;602;Melegnano v.Predabissi;83;MI;Melegnano;13/01/2000;(45.35428575070997, 9.329243424113708)
10548;PM10 (SM2005);µg/m³;1269;Dalmine v.Verdi;207;BG;Dalmine;26/02/2010;(45.64970251236247, 9.601223338785262)
5835;Monossido di Carbonio;mg/m³;504;Sesto San Giovanni v. Cesare da Sesto;139;MI;Sesto San Giovanni;29/04/1990;(45.53476576509224, 9.236107923411636)
5549;Biossido di Azoto;µg/m³;546;Magenta v. F. Turati;137;MI;Magenta;22/04/1995;(45.462415791106615, 8.880210433125571)
5718;Ozono;µg/m³;546;Magenta v. F. Turati;137;MI;Magenta;29/07/1995;(45.462415791106615, 8.880210433125571)
10078;Ossidi di Azoto;µg/m³;695;Ponti sul Mincio v.San Martino;113;MN;Ponti sul Mincio;20/12/2006;(45.41277169168634, 10.683357343786835)
5825;Monossido di Carbonio;mg/m³;531;Pioltello Limito;114;MI;Pioltello;11/11/1994;(45.48363035323249, 9.327360033215145)
6264;Ossidi di Azoto;µg/m³;608;Codogno v.Trento;59;LO;Codogno;13/01/2000;(45.15937280234111, 9.69814824935254)
10511;Monossido di Carbonio;mg/m³;1269;Dalmine v.Verdi;207;BG;Dalmine;12/02/2010;(45.64970251236247, 9.601223338785262)
9896;Ossidi di Azoto;µg/m³;609;Casirate d'Adda v. Cimitero;108;BG;Casirate d'Adda;10/11/2005;(45.49822713394494, 9.556232262351761)
12570;Particelle sospese PM2.5;µg/m³;561;Como v.Cattaneo;202;CO;Como;23/09/2011;(45.81504286011291, 9.06697137484454)
17163;Benzene;µg/m³;655;Darfo Boario Terme v. De Amicis;221;BS;Darfo Boario Terme;05/10/2012;(45.87460210989037, 10.17735680898138)
9983;Particelle sospese PM2.5;µg/m³;672;Cornale v.Libertà;74;PV;Cornale;02/02/2006;(45.04007657202963, 8.914144599002409)
6685;Biossido di Azoto;µg/m³;642;Pavia v. Folperti;77;PV;Pavia;01/06/2002;(45.19467609907785, 9.164638300630086)
9918;Ossidi di Azoto;µg/m³;664;Mantova p.zza Gramsci;18;MN;Mantova;08/06/2004;(45.151743379576594, 10.78140770009565)
20495;Biossido di Azoto;µg/m³;1801;Brescia v.Tartaglia;151;BS;Brescia;;(45.542647891822845, 10.211205215118259)
10072;PM10 (SM2005);µg/m³;693;Sannazzaro de' Burgondi v.Traversi;85;PV;Sannazzaro de' Burgondi;01/01/2007;(45.10276627684137, 8.90417452771467)
6208;Ossidi di Azoto;µg/m³;595;Filago v.Don Milani;190;BG;Filago;06/03/1992;(45.63386450908066, 9.556084255790864)
6005;Benzene;µg/m³;627;Cremona P.zza Cadorna;39;CR;Cremona;16/05/2002;(45.13194691285173, 10.015741513336042)
6252;Ossidi di Azoto;µg/m³;576;Merate v. Madonna di Loreto;279;LC;Merate;01/01/1991;(45.69795198970243, 9.406190938686596)
9925;Ozono;µg/m³;677;Cremona Via Fatebenefratelli;43;CR;Cremona;08/04/2006;(45.14254063221695, 10.043836158369393)
10283;Particelle sospese PM2.5;µg/m³;705;Milano Pascal Città Studi;122;MI;Milano;29/03/2007;(45.47899606168744, 9.235491038497502)
6412;Ossidi di Azoto;µg/m³;627;Cremona P.zza Cadorna;39;CR;Cremona;01/01/2002;(45.13194691285173, 10.015741513336042)
10166;Benzene;µg/m³;703;Schivenoglia v. Malpasso;NULL;MN;Schivenoglia;29/11/2006;(45.016877820755425, 11.07609463264049)
9999;Biossido di Azoto;µg/m³;683;Cassano d'Adda 2-v.Milano;133;MI;Cassano d'Adda;17/02/2006;(45.52647254585104, 9.515980483627096)
10133;Monossido di Carbonio;mg/m³;700;Melara v. dell'Artigianato;12;RO;Melara;28/11/2006;(45.063214361613305, 11.20921074969938)
10083;PM10 (SM2005);µg/m³;695;Ponti sul Mincio v.San Martino;113;MN;Ponti sul Mincio;20/12/2006;(45.41277169168634, 10.683357343786835)
5534;Biossido di Azoto;µg/m³;531;Pioltello Limito;114;MI;Pioltello;23/05/1989;(45.48363035323249, 9.327360033215145)
10025;Ozono;µg/m³;685;Calusco d'Adda v. Caduti sul Lavoro;273;BG;Calusco d'Adda;30/06/2006;(45.69042907854514, 9.484260927647789)
5658;Biossido di Zolfo;µg/m³;552;Varese v.Vidoletti;425;VA;Varese;23/12/1991;(45.83690077655548, 8.80392612667495)
5576;Biossido di Azoto;µg/m³;573;Colico v.La Madoneta;229;LC;Colico;05/11/1996;(46.1381409051264, 9.384687247651794)
9928;Biossido di Azoto;µg/m³;677;Cremona Via Fatebenefratelli;43;CR;Cremona;11/04/2006;(45.14254063221695, 10.043836158369393)
6330;Ossidi di Azoto;µg/m³;542;Meda v. Gagarin;222;MB;Meda;01/11/1995;(45.66176219189168, 9.156643984551597)
12617;Benzo(a)pirene;ng/m³;670;Mantova S.Agnese;22;MN;Mantova;19/02/2008;(45.16056833010576, 10.79556411370788)
20489;Ossidi di Azoto;µg/m³;1800;Brescia S.Polo;124;BS;Brescia;;(45.5086667998462, 10.256370247433845)
6782;Monossido di Carbonio;mg/m³;652;Brescia v.Turati;154;BS;Brescia;12/01/1999;(45.539529434955995, 10.231785907477223)
9861;Ozono;µg/m³;673;Voghera v.Pozzoni;90;PV;Voghera;05/07/2005;(44.99954598914026, 9.008437381815693)
10456;Particelle sospese PM2.5;µg/m³;1265;Lodi S.Alberto;76;LO;Lodi;03/08/2009;(45.302783503095775, 9.495273696926324)
5742;Ozono;µg/m³;572;Morbegno v.Cortivacci;262;SO;Morbegno;24/05/2003;(46.132282960003735, 9.566179893984474)
9969;Biossido di Azoto;µg/m³;679;Valmadrera v.Pozzi;247;LC;Valmadrera;15/02/2006;(45.842207261022544, 9.351658166127958)
12629;Benzo(a)pirene;ng/m³;705;Milano Pascal Città Studi;122;MI;Milano;02/04/2008;(45.47899606168744, 9.235491038497502)
9831;PM10 (SM2005);µg/m³;670;Mantova S.Agnese;22;MN;Mantova;30/12/2004;(45.16056833010576, 10.79556411370788)
9739;PM10 (SM2005);µg/m³;608;Codogno v.Trento;59;LO;Codogno;09/04/2005;(45.15937280234111, 9.69814824935254)
12623;Benzo(a)pirene;ng/m³;542;Meda v. Gagarin;222;MB;Meda;18/04/2008;(45.66176219189168, 9.156643984551597)
9857;Biossido di Azoto;µg/m³;673;Voghera v.Pozzoni;90;PV;Voghera;28/07/2005;(44.99954598914026, 9.008437381815693)
5710;Ozono;µg/m³;544;Cormano v. Edison;153;MI;Cormano;03/11/1994;(45.551041944372415, 9.162613653151322)
6869;Benzene;µg/m³;642;Pavia v. Folperti;77;PV;Pavia;06/06/2002;(45.19467609907785, 9.164638300630086)
30162;Ossidi di Azoto;µg/m³;669;Brescia Villaggio Sereno;70;BS;Brescia;22/01/2013;(45.513038818653754, 10.19194188877931)
9897;Biossido di Azoto;µg/m³;609;Casirate d'Adda v. Cimitero;108;BG;Casirate d'Adda;10/11/2005;(45.49822713394494, 9.556232262351761)
10017;Ossidi di Azoto;µg/m³;685;Calusco d'Adda v. Caduti sul Lavoro;273;BG;Calusco d'Adda;30/06/2006;(45.69042907854514, 9.484260927647789)
10043;PM10 (SM2005);µg/m³;687;Ferno v.Di Dio;215;VA;Ferno;29/11/2006;(45.61924377994763, 8.756970445453431)
10451;Ossidi di Azoto;µg/m³;1265;Lodi S.Alberto;76;LO;Lodi;03/08/2009;(45.302783503095775, 9.495273696926324)
6817;Ossidi di Azoto;µg/m³;656;Gambara v.Parma;47;BS;Gambara;01/01/1990;(45.24954362474624, 10.299119496064078)
10103;PM10 (SM2005);µg/m³;697;Borgofranco sul Po loc. Bonizzo;14;MN;Borgofranco sul Po;01/01/2007;(45.04650153816735, 11.18093581912755)
10301;Benzene;µg/m³;574;Lecco v. Amendola;214;LC;Lecco;07/11/2006;(45.850191194578535, 9.395577066893223)
20032;Ossidi di Azoto;µg/m³;693;Sannazzaro de' Burgondi v.Traversi;85;PV;Sannazzaro de' Burgondi;24/10/2013;(45.10276627684137, 8.90417452771467)
10384;Benzene;µg/m³;693;Sannazzaro de' Burgondi v.Traversi;85;PV;Sannazzaro de' Burgondi;01/01/2007;(45.10276627684137, 8.90417452771467)
6826;Biossido di Azoto;µg/m³;657;Lonato del Garda v.del Marchesino;180;BS;Lonato del Garda;16/02/1990;(45.463753136210265, 10.480772043571283)
5810;Monossido di Carbonio;mg/m³;602;Melegnano v.Predabissi;83;MI;Melegnano;13/01/2000;(45.35428575070997, 9.329243424113708)
6428;Ossidi di Azoto;µg/m³;633;Soresina v. Landriani;70;CR;Soresina;01/01/2002;(45.28397715446764, 9.863398419993635)
6280;Ossidi di Azoto;µg/m³;604;Tavazzano con Villavesco v.Cascina Bagnolo;85;LO;Tavazzano con Villavesco;13/01/2000;(45.33036100181227, 9.414644726627262)
5591;Biossido di Azoto;µg/m³;588;Tavernola Bergamasca v.Riva di Sotto;191;BG;Tavernola Bergamasca;21/09/1990;(45.71629992411727, 10.044765999368437)
9854;Monossido di Carbonio;mg/m³;672;Cornale v.Libertà;74;PV;Cornale;29/07/2005;(45.04007657202963, 8.914144599002409)
6587;Biossido di Zolfo;µg/m³;574;Lecco v. Amendola;214;LC;Lecco;17/02/1991;(45.850191194578535, 9.395577066893223)
6798;Biossido di Azoto;µg/m³;654;Sarezzo v.Minelli;269;BS;Sarezzo;18/02/1990;(45.64962671224069, 10.205090218837002)
5568;Biossido di Azoto;µg/m³;565;Cantù v.Meucci;369;CO;Cantù;15/02/1994;(45.73083672267427, 9.125734327022926)
20428;PM10 (SM2005);µg/m³;683;Cassano d'Adda 2-v.Milano;133;MI;Cassano d'Adda;19/12/2017;(45.52647254585104, 9.515980483627096)
17127;Benzene;µg/m³;501;Milano v.Marche;129;MI;Milano;13/09/2012;(45.49631644365102, 9.190933555313624)
17297;Ozono;µg/m³;583;Bergamo v.Meucci;249;BG;Bergamo;24/01/2013;(45.69103740547214, 9.643650579461385)
12020;Ozono;µg/m³;1297;Spinadesco v.Battisti;48;CR;Spinadesco;04/02/2011;(45.150468869856816, 9.930596472272326)
5520;Biossido di Azoto;µg/m³;517;Turbigo vicolo dello sport;141;MI;Turbigo;11/01/1990;(45.52655086994247, 8.736496578379215)
9985;Particelle sospese PM2.5;µg/m³;600;Lodi v.Vignati;80;LO;Lodi;10/07/2006;(45.30601298752377, 9.48526286320174)
10285;Ossidi di Azoto;µg/m³;706;Lecco v.Sora;272;LC;Lecco;28/06/2007;(45.86374884127965, 9.399950344681852)
9856;Ozono;µg/m³;672;Cornale v.Libertà;74;PV;Cornale;29/07/2005;(45.04007657202963, 8.914144599002409)
12641;Benzo(a)pirene;ng/m³;548;Milano v.Senato;118;MI;Milano;10/07/2008;(45.470499014097, 9.197460360112531)
20455;BlackCarbon;µg/m³;501;Milano v.Marche;129;MI;Milano;25/11/2020;(45.49631644365102, 9.190933555313624)
20528;Particelle sospese PM2.5;µg/m³;708;Parona v. della Miseria;112;PV;Parona;01/06/2021;(45.281935610357905, 8.754334594539825)
6400;Ossidi di Azoto;µg/m³;560;Varese v.Copelli;383;VA;Varese;07/08/2003;(45.816973233263674, 8.820240707158211)
12600;Benzo(a)pirene;ng/m³;609;Casirate d'Adda v. Cimitero;108;BG;Casirate d'Adda;24/04/2008;(45.49822713394494, 9.556232262351761)
6919;PM10 (SM2005);µg/m³;561;Como v.Cattaneo;202;CO;Como;04/01/2000;(45.81504286011291, 9.06697137484454)
6917;PM10 (SM2005);µg/m³;558;Busto Arsizio  Accam;206;VA;Busto Arsizio;20/01/1999;(45.582894292717725, 8.842165456706075)
10282;Ozono;µg/m³;705;Milano Pascal Città Studi;122;MI;Milano;16/06/2007;(45.47899606168744, 9.235491038497502)
6831;Ossidi di Azoto;µg/m³;657;Lonato del Garda v.del Marchesino;180;BS;Lonato del Garda;01/01/1990;(45.463753136210265, 10.480772043571283)
6962;PM10 (SM2005);µg/m³;595;Filago v.Don Milani;190;BG;Filago;14/10/2004;(45.63386450908066, 9.556084255790864)
5826;Monossido di Carbonio;mg/m³;546;Magenta v. F. Turati;137;MI;Magenta;22/04/1995;(45.462415791106615, 8.880210433125571)
5693;Biossido di Zolfo;µg/m³;600;Lodi v.Vignati;80;LO;Lodi;30/12/1999;(45.30601298752377, 9.48526286320174)
6326;Ossidi di Azoto;µg/m³;546;Magenta v. F. Turati;137;MI;Magenta;22/04/1995;(45.462415791106615, 8.880210433125571)
10449;Particelle sospese PM2.5;µg/m³;560;Varese v.Copelli;383;VA;Varese;01/09/2009;(45.816973233263674, 8.820240707158211)
5698;Biossido di Zolfo;µg/m³;604;Tavazzano con Villavesco v.Cascina Bagnolo;85;LO;Tavazzano con Villavesco;13/01/2000;(45.33036100181227, 9.414644726627262)
6346;Ossidi di Azoto;µg/m³;514;Rho via Buon Gesù;152;MI;Rho;03/10/1991;(45.523425662003476, 9.044599871111005)
5704;Biossido di Zolfo;µg/m³;569;Sondrio v.Mazzini;307;SO;Sondrio;01/11/1993;(46.16796681227828, 9.87014407497457)
9855;Ossidi di Azoto;µg/m³;672;Cornale v.Libertà;74;PV;Cornale;29/07/2005;(45.04007657202963, 8.914144599002409)
5814;Monossido di Carbonio;mg/m³;551;Arconate v. De Gasperi;182;MI;Arconate;20/01/1999;(45.54851735741946, 8.847321929216262)
6690;Ossidi di Azoto;µg/m³;642;Pavia v. Folperti;77;PV;Pavia;01/06/2002;(45.19467609907785, 9.164638300630086)
9971;Monossido di Carbonio;mg/m³;679;Valmadrera v.Pozzi;247;LC;Valmadrera;16/02/2006;(45.842207261022544, 9.351658166127958)
10454;Ozono;µg/m³;1265;Lodi S.Alberto;76;LO;Lodi;03/08/2009;(45.302783503095775, 9.495273696926324)
10070;Biossido di Zolfo;µg/m³;693;Sannazzaro de' Burgondi v.Traversi;85;PV;Sannazzaro de' Burgondi;01/01/2007;(45.10276627684137, 8.90417452771467)
5563;Biossido di Azoto;µg/m³;560;Varese v.Copelli;383;VA;Varese;07/08/2003;(45.816973233263674, 8.820240707158211)
9833;Benzene;µg/m³;664;Mantova p.zza Gramsci;18;MN;Mantova;16/05/2005;(45.151743379576594, 10.78140770009565)
12028;PM10 (SM2005);µg/m³;642;Pavia v. Folperti;77;PV;Pavia;04/02/2011;(45.19467609907785, 9.164638300630086)
20492;Particelle sospese PM2.5;µg/m³;1800;Brescia S.Polo;124;BS;Brescia;;(45.5086667998462, 10.256370247433845)
5646;Biossido di Zolfo;µg/m³;517;Turbigo vicolo dello sport;141;MI;Turbigo;08/03/1982;(45.52655086994247, 8.736496578379215)
6411;Monossido di Carbonio;mg/m³;627;Cremona P.zza Cadorna;39;CR;Cremona;12/12/1997;(45.13194691285173, 10.015741513336042)
5545;Biossido di Azoto;µg/m³;542;Meda v. Gagarin;222;MB;Meda;01/11/1995;(45.66176219189168, 9.156643984551597)
12665;Benzo(a)pirene;ng/m³;681;Moggio Loc. Penscei;1194;LC;Moggio;15/06/2008;(45.91278752030292, 9.497538167653424)
20490;Monossido di Azoto;µg/m³;1800;Brescia S.Polo;124;BS;Brescia;;(45.5086667998462, 10.256370247433845)
10278;Ossidi di Azoto;µg/m³;705;Milano Pascal Città Studi;122;MI;Milano;16/06/2007;(45.47899606168744, 9.235491038497502)
6952;PM10 (SM2005);µg/m³;654;Sarezzo v.Minelli;269;BS;Sarezzo;23/06/2000;(45.64962671224069, 10.205090218837002)
5707;Ozono;µg/m³;551;Arconate v. De Gasperi;182;MI;Arconate;20/01/1999;(45.54851735741946, 8.847321929216262)
10002;Monossido di Carbonio;mg/m³;683;Cassano d'Adda 2-v.Milano;133;MI;Cassano d'Adda;22/04/2006;(45.52647254585104, 9.515980483627096)
6879;Monossido di Carbonio;mg/m³;664;Mantova p.zza Gramsci;18;MN;Mantova;11/06/2004;(45.151743379576594, 10.78140770009565)
6366;Ossidi di Azoto;µg/m³;528;Milano Verziere;116;MI;Milano;24/11/1988;(45.463346740666545, 9.195324807668857)
6248;Ossidi di Azoto;µg/m³;574;Lecco v. Amendola;214;LC;Lecco;01/01/1991;(45.850191194578535, 9.395577066893223)
5532;Biossido di Azoto;µg/m³;529;Cinisello Balsamo v.Lincoln;149;MI;Cinisello Balsamo;24/11/1988;(45.55232578741208, 9.227764233272634)
10129;Ossidi di Azoto;µg/m³;700;Melara v. dell'Artigianato;12;RO;Melara;29/11/2006;(45.063214361613305, 11.20921074969938)
12694;Benzo(a)pirene;ng/m³;560;Varese v.Copelli;383;VA;Varese;02/04/2008;(45.816973233263674, 8.820240707158211)
20496;PM10 (SM2005);µg/m³;1801;Brescia v.Tartaglia;151;BS;Brescia;;(45.542647891822845, 10.211205215118259)
6320;Ossidi di Azoto;µg/m³;539;Milano v.Liguria;115;MI;Milano;24/10/1991;(45.443857653564926, 9.167944501742676)
6686;Biossido di Zolfo;µg/m³;642;Pavia v. Folperti;77;PV;Pavia;01/06/2002;(45.19467609907785, 9.164638300630086)
12016;Ossidi di Azoto;µg/m³;1297;Spinadesco v.Battisti;48;CR;Spinadesco;08/02/2011;(45.150468869856816, 9.930596472272326)
10483;PM10 (SM2005);µg/m³;1265;Lodi S.Alberto;76;LO;Lodi;03/08/2009;(45.302783503095775, 9.495273696926324)
30160;Biossido di Azoto;µg/m³;655;Darfo Boario Terme v. De Amicis;221;BS;Darfo Boario Terme;13/12/2013;(45.87460210989037, 10.17735680898138)
5601;Biossido di Azoto;µg/m³;598;San Rocco al Porto v.Matteotti;50;LO;San Rocco al Porto;24/01/2002;(45.081986696978625, 9.70078817718398)
10077;PM10 (SM2005);µg/m³;694;Salionze v. Campagna Rossa;109;VR;Salionze;29/11/2006;(45.40331375821289, 10.72659797077939)
5567;Biossido di Azoto;µg/m³;564;Erba v. Battisti;279;CO;Erba;13/06/2009;(45.808573806922965, 9.221779204488435)
6582;Ozono;µg/m³;561;Como v.Cattaneo;202;CO;Como;17/02/1991;(45.81504286011291, 9.06697137484454)
10491;PM10 (SM2005);µg/m³;681;Moggio Loc. Penscei;1194;LC;Moggio;31/03/2009;(45.91278752030292, 9.497538167653424)
6959;PM10 (SM2005);µg/m³;565;Cantù v.Meucci;369;CO;Cantù;01/01/1999;(45.73083672267427, 9.125734327022926)
5619;Biossido di Zolfo;µg/m³;544;Cormano v. Edison;153;MI;Cormano;26/10/1994;(45.551041944372415, 9.162613653151322)
10131;Biossido di Azoto;µg/m³;700;Melara v. dell'Artigianato;12;RO;Melara;28/11/2006;(45.063214361613305, 11.20921074969938)
20155;PM10 (SM2005);µg/m³;690;Mezzana Bigli loc. Casoni;73;PV;Mezzana Bigli;20/11/2013;(45.069658641385914, 8.86888929943922)
10463;Ozono;µg/m³;1266;Bertonico v.Moro;65;LO;Bertonico;03/08/2009;(45.23349364130374, 9.666250375296032)
10079;Biossido di Azoto;µg/m³;695;Ponti sul Mincio v.San Martino;113;MN;Ponti sul Mincio;20/12/2006;(45.41277169168634, 10.683357343786835)
9976;PM10 (SM2005);µg/m³;679;Valmadrera v.Pozzi;247;LC;Valmadrera;11/02/2006;(45.842207261022544, 9.351658166127958)
9882;Ozono;µg/m³;674;Monza v.Machiavelli;162;MB;Monza;21/10/2005;(45.58026348442243, 9.273573092713274)
5958;Biossido di Azoto;µg/m³;629;Crema v.XI febbraio;79;CR;Crema;01/11/1992;(45.366309078194334, 9.703945513613167)
5610;Biossido di Azoto;µg/m³;607;Abbadia Cerreto v. Fanfulla;64;LO;Abbadia Cerreto;13/01/2000;(45.309502269282255, 9.585790416120414)
6936;PM10 (SM2005);µg/m³;596;Osio Sotto v.per Levate;182;BG;Osio Sotto;24/05/2000;(45.62055567939559, 9.611737821812373)
30165;Ozono;µg/m³;669;Brescia Villaggio Sereno;70;BS;Brescia;13/12/2013;(45.513038818653754, 10.19194188877931)
10280;Biossido di Zolfo;µg/m³;705;Milano Pascal Città Studi;122;MI;Milano;16/06/2007;(45.47899606168744, 9.235491038497502)
9772;Benzene;µg/m³;600;Lodi v.Vignati;80;LO;Lodi;23/04/2005;(45.30601298752377, 9.48526286320174)
10286;Biossido di Azoto;µg/m³;706;Lecco v.Sora;272;LC;Lecco;27/06/2007;(45.86374884127965, 9.399950344681852)
10165;Ossidi di Azoto;µg/m³;703;Schivenoglia v. Malpasso;NULL;MN;Schivenoglia;29/11/2006;(45.016877820755425, 11.07609463264049)
6705;Monossido di Carbonio;mg/m³;643;Pavia p.zza Minerva;77;PV;Pavia;03/03/2002;(45.18632908049483, 9.146666041286784)
5676;Biossido di Zolfo;µg/m³;561;Como v.Cattaneo;202;CO;Como;17/02/1991;(45.81504286011291, 9.06697137484454)
6921;PM10 (SM2005);µg/m³;564;Erba v. Battisti;279;CO;Erba;13/06/2009;(45.808573806922965, 9.221779204488435)
5507;Biossido di Azoto;µg/m³;504;Sesto San Giovanni v. Cesare da Sesto;139;MI;Sesto San Giovanni;18/12/1980;(45.53476576509224, 9.236107923411636)
20427;Biossido di Zolfo;µg/m³;683;Cassano d'Adda 2-v.Milano;133;MI;Cassano d'Adda;20/12/2017;(45.52647254585104, 9.515980483627096)
5603;Biossido di Azoto;µg/m³;600;Lodi v.Vignati;80;LO;Lodi;30/12/1999;(45.30601298752377, 9.48526286320174)
12671;Benzo(a)pirene;ng/m³;703;Schivenoglia v. Malpasso;NULL;MN;Schivenoglia;22/02/2008;(45.016877820755425, 11.07609463264049)
10336;Particolato Totale Sospeso;µg/m³;709;Vigevano v.Valletta;109;PV;Vigevano;07/08/2007;(45.303607869655714, 8.844804609965438)
6276;Ossidi di Azoto;µg/m³;606;San Giuliano Milanese via Milano;97;MI;San Giuliano Milanese;13/01/2000;(45.39619462552717, 9.282700075557845)
6300;Ossidi di Azoto;µg/m³;544;Cormano v. Edison;153;MI;Cormano;24/10/1994;(45.551041944372415, 9.162613653151322)
9984;Particelle sospese PM2.5;µg/m³;669;Brescia Villaggio Sereno;70;BS;Brescia;06/06/2006;(45.513038818653754, 10.19194188877931)
20442;Monossido di Azoto;µg/m³;681;Moggio Loc. Penscei;1194;LC;Moggio;16/03/2007;(45.91278752030292, 9.497538167653424)
9798;Monossido di Carbonio;mg/m³;670;Mantova S.Agnese;22;MN;Mantova;28/12/2004;(45.16056833010576, 10.79556411370788)
6871;Biossido di Azoto;µg/m³;663;Mantova v.Ariosto;18;MN;Mantova;01/01/2003;(45.14526012578896, 10.80332595007927)
20494;Monossido di Azoto;µg/m³;1801;Brescia v.Tartaglia;151;BS;Brescia;;(45.542647891822845, 10.211205215118259)
6818;Ozono;µg/m³;656;Gambara v.Parma;47;BS;Gambara;15/02/1990;(45.24954362474624, 10.299119496064078)
5950;Biossido di Azoto;µg/m³;626;Corte de' Cortesi con Cignone v. Villa Strada Forca;57;CR;Corte de' Cortesi con Cignone;17/05/1996;(45.27848755478839, 10.006202391204335)
6880;Biossido di Azoto;µg/m³;665;Viadana v. Cavalli;37;MN;Viadana;25/10/2003;(44.92469404955067, 10.517502067117825)
10329;Ossidi di Azoto;µg/m³;708;Parona v. della Miseria;112;PV;Parona;01/10/2007;(45.281935610357905, 8.754334594539825)
9996;Ossidi di Azoto;µg/m³;682;Ferrera Erbognone ENI;88;PV;Ferrera Erbognone;21/01/2006;(45.11350314482957, 8.874064848882607)
10352;PM10 (SM2005);µg/m³;517;Turbigo vicolo dello sport;141;MI;Turbigo;01/01/2008;(45.52655086994247, 8.736496578379215)
6761;Biossido di Azoto;µg/m³;649;Brescia v.Broletto;149;BS;Brescia;01/01/1983;(45.540057846971386, 10.222818449274216)
5750;Ozono;µg/m³;552;Varese v.Vidoletti;425;VA;Varese;23/12/1991;(45.83690077655548, 8.80392612667495)
5798;Monossido di Carbonio;mg/m³;561;Como v.Cattaneo;202;CO;Como;17/02/1991;(45.81504286011291, 9.06697137484454)
10505;Ossidi di Azoto;µg/m³;1269;Dalmine v.Verdi;207;BG;Dalmine;12/02/2010;(45.64970251236247, 9.601223338785262)
5572;Biossido di Azoto;µg/m³;569;Sondrio v.Mazzini;307;SO;Sondrio;01/11/1993;(46.16796681227828, 9.87014407497457)
5960;Ozono;µg/m³;629;Crema v.XI febbraio;79;CR;Crema;28/04/1996;(45.366309078194334, 9.703945513613167)
10173;PM10 (SM2005);µg/m³;703;Schivenoglia v. Malpasso;NULL;MN;Schivenoglia;01/01/2007;(45.016877820755425, 11.07609463264049)
5548;Biossido di Azoto;µg/m³;545;Motta Visconti v. De Gasperi;100;MI;Motta Visconti;17/03/1998;(45.281956197427846, 8.988562726793255)
9978;Particelle sospese PM2.5;µg/m³;609;Casirate d'Adda v. Cimitero;108;BG;Casirate d'Adda;11/11/2005;(45.49822713394494, 9.556232262351761)
6935;PM10 (SM2005);µg/m³;592;Treviglio p.zza Insurrezione;191;BG;Treviglio;03/02/2000;(45.51933498138716, 9.592009994888425)
6947;PM10 (SM2005);µg/m³;643;Pavia p.zza Minerva;77;PV;Pavia;06/06/2002;(45.18632908049483, 9.146666041286784)
12022;Particelle sospese PM2.5;µg/m³;1297;Spinadesco v.Battisti;48;CR;Spinadesco;16/02/2011;(45.150468869856816, 9.930596472272326)
6262;Ossidi di Azoto;µg/m³;603;Castiraga Vidardo v.Craxi;74;LO;Castiraga Vidardo;13/01/2000;(45.26232519992153, 9.400281323067924)
6212;Ossidi di Azoto;µg/m³;596;Osio Sotto v.per Levate;182;BG;Osio Sotto;06/04/2000;(45.62055567939559, 9.611737821812373)
12584;PM10 (SM2005);µg/m³;627;Cremona P.zza Cadorna;39;CR;Cremona;01/01/2012;(45.13194691285173, 10.015741513336042)
20488;Particelle sospese PM2.5;µg/m³;564;Erba v. Battisti;279;CO;Erba;;(45.808573806922965, 9.221779204488435)
6232;Ossidi di Azoto;µg/m³;561;Como v.Cattaneo;202;CO;Como;01/01/1991;(45.81504286011291, 9.06697137484454)
10339;PM10 (SM2005);µg/m³;629;Crema v.XI febbraio;79;CR;Crema;25/09/2007;(45.366309078194334, 9.703945513613167)
5823;Monossido di Carbonio;mg/m³;539;Milano v.Liguria;115;MI;Milano;20/10/1991;(45.443857653564926, 9.167944501742676)
10450;Particelle sospese PM2.5;µg/m³;655;Darfo Boario Terme v. De Amicis;221;BS;Darfo Boario Terme;23/12/2008;(45.87460210989037, 10.17735680898138)
6268;Ossidi di Azoto;µg/m³;600;Lodi v.Vignati;80;LO;Lodi;30/12/1999;(45.30601298752377, 9.48526286320174)
5561;Biossido di Azoto;µg/m³;558;Busto Arsizio  Accam;206;VA;Busto Arsizio;06/12/1998;(45.582894292717725, 8.842165456706075)
5790;Monossido di Carbonio;mg/m³;592;Treviglio p.zza Insurrezione;191;BG;Treviglio;01/12/1994;(45.51933498138716, 9.592009994888425)
6929;PM10 (SM2005);µg/m³;576;Merate v. Madonna di Loreto;279;LC;Merate;01/01/2000;(45.69795198970243, 9.406190938686596)
5504;Biossido di Azoto;µg/m³;501;Milano v.Marche;129;MI;Milano;18/09/1980;(45.49631644365102, 9.190933555313624)
10097;Biossido di Azoto;µg/m³;697;Borgofranco sul Po loc. Bonizzo;14;MN;Borgofranco sul Po;29/11/2006;(45.04650153816735, 11.18093581912755)
6925;PM10 (SM2005);µg/m³;571;Bormio v.Monte Braulio;1225;SO;Bormio;18/04/2003;(46.46952397132585, 10.375432759159036)
20443;Biossido di Azoto;µg/m³;681;Moggio Loc. Penscei;1194;LC;Moggio;16/03/2007;(45.91278752030292, 9.497538167653424)
5579;Biossido di Azoto;µg/m³;576;Merate v. Madonna di Loreto;279;LC;Merate;18/02/1991;(45.69795198970243, 9.406190938686596)
10333;Ossidi di Azoto;µg/m³;709;Vigevano v.Valletta;109;PV;Vigevano;08/08/2007;(45.303607869655714, 8.844804609965438)
5845;Monossido di Carbonio;mg/m³;569;Sondrio v.Mazzini;307;SO;Sondrio;01/11/1993;(46.16796681227828, 9.87014407497457)
9998;Benzene;µg/m³;683;Cassano d'Adda 2-v.Milano;133;MI;Cassano d'Adda;17/02/2006;(45.52647254585104, 9.515980483627096)
20154;Ozono;µg/m³;690;Mezzana Bigli loc. Casoni;73;PV;Mezzana Bigli;20/11/2013;(45.069658641385914, 8.86888929943922)
6701;Biossido di Azoto;µg/m³;643;Pavia p.zza Minerva;77;PV;Pavia;03/03/2002;(45.18632908049483, 9.146666041286784)
9852;Biossido di Azoto;µg/m³;672;Cornale v.Libertà;74;PV;Cornale;29/07/2005;(45.04007657202963, 8.914144599002409)
20157;Particelle sospese PM2.5;µg/m³;642;Pavia v. Folperti;77;PV;Pavia;20/11/2013;(45.19467609907785, 9.164638300630086)
10547;Particelle sospese PM2.5;µg/m³;1269;Dalmine v.Verdi;207;BG;Dalmine;26/02/2010;(45.64970251236247, 9.601223338785262)
10290;PM10 (SM2005);µg/m³;706;Lecco v.Sora;272;LC;Lecco;31/12/2000;(45.86374884127965, 9.399950344681852)
10331;Biossido di Azoto;µg/m³;709;Vigevano v.Valletta;109;PV;Vigevano;08/08/2007;(45.303607869655714, 8.844804609965438)
10458;Biossido di Azoto;µg/m³;1266;Bertonico v.Moro;65;LO;Bertonico;03/08/2009;(45.23349364130374, 9.666250375296032)
6766;Ossidi di Azoto;µg/m³;649;Brescia v.Broletto;149;BS;Brescia;05/08/1992;(45.540057846971386, 10.222818449274216)
10171;Ozono;µg/m³;703;Schivenoglia v. Malpasso;NULL;MN;Schivenoglia;29/11/2006;(45.016877820755425, 11.07609463264049)
6380;Ossidi di Azoto;µg/m³;572;Morbegno v.Cortivacci;262;SO;Morbegno;13/01/1999;(46.132282960003735, 9.566179893984474)
10507;Biossido di Azoto;µg/m³;1269;Dalmine v.Verdi;207;BG;Dalmine;12/02/2010;(45.64970251236247, 9.601223338785262)
20216;Biossido di Zolfo;µg/m³;690;Mezzana Bigli loc. Casoni;73;PV;Mezzana Bigli;20/01/2006;(45.069658641385914, 8.86888929943922)
6228;Ossidi di Azoto;µg/m³;588;Tavernola Bergamasca v.Riva di Sotto;191;BG;Tavernola Bergamasca;21/09/1990;(45.71629992411727, 10.044765999368437)
6966;Biossido di Zolfo;µg/m³;669;Brescia Villaggio Sereno;70;BS;Brescia;24/11/2004;(45.513038818653754, 10.19194188877931)
10506;Benzene;µg/m³;1269;Dalmine v.Verdi;207;BG;Dalmine;01/09/2010;(45.64970251236247, 9.601223338785262)
9890;PM10 (SM2005);µg/m³;674;Monza v.Machiavelli;162;MB;Monza;18/11/2005;(45.58026348442243, 9.273573092713274)
6691;Ozono;µg/m³;642;Pavia v. Folperti;77;PV;Pavia;01/06/2002;(45.19467609907785, 9.164638300630086)
12593;Benzo(a)pirene;ng/m³;669;Brescia Villaggio Sereno;70;BS;Brescia;18/04/2008;(45.513038818653754, 10.19194188877931)
6955;PM10 (SM2005);µg/m³;663;Mantova v.Ariosto;18;MN;Mantova;01/01/2003;(45.14526012578896, 10.80332595007927)
10452;Biossido di Azoto;µg/m³;1265;Lodi S.Alberto;76;LO;Lodi;03/08/2009;(45.302783503095775, 9.495273696926324)
10273;PM10 (SM2005);µg/m³;705;Milano Pascal Città Studi;122;MI;Milano;21/04/2007;(45.47899606168744, 9.235491038497502)
6841;Biossido di Azoto;µg/m³;659;Odolo v.Praes;349;BS;Odolo;13/12/2013;(45.64604963372525, 10.38929530279196)
6864;Ossidi di Azoto;µg/m³;661;Rezzato v.De Gasperi;147;BS;Rezzato;05/08/1992;(45.51570829484459, 10.336240422996532)
9802;Biossido di Azoto;µg/m³;670;Mantova S.Agnese;22;MN;Mantova;31/12/2004;(45.16056833010576, 10.79556411370788)
10399;Particelle sospese PM2.5;µg/m³;583;Bergamo v.Meucci;249;BG;Bergamo;20/12/2008;(45.69103740547214, 9.643650579461385)
20491;Biossido di Azoto;µg/m³;1800;Brescia S.Polo;124;BS;Brescia;;(45.5086667998462, 10.256370247433845)
6931;PM10 (SM2005);µg/m³;583;Bergamo v.Meucci;249;BG;Bergamo;03/07/2000;(45.69103740547214, 9.643650579461385)
5828;Monossido di Carbonio;mg/m³;542;Meda v. Gagarin;222;MB;Meda;01/11/1995;(45.66176219189168, 9.156643984551597)
20358;Particelle sospese PM2.5;µg/m³;504;Sesto San Giovanni v. Cesare da Sesto;139;MI;Sesto San Giovanni;01/01/2017;(45.53476576509224, 9.236107923411636)
6872;Biossido di Zolfo;µg/m³;663;Mantova v.Ariosto;18;MN;Mantova;01/01/2003;(45.14526012578896, 10.80332595007927)
5598;Biossido di Azoto;µg/m³;595;Filago v.Don Milani;190;BG;Filago;06/03/1992;(45.63386450908066, 9.556084255790864)
10320;PM10 (SM2005);µg/m³;548;Milano v.Senato;118;MI;Milano;10/08/2007;(45.470499014097, 9.197460360112531)
10169;Monossido di Carbonio;mg/m³;703;Schivenoglia v. Malpasso;NULL;MN;Schivenoglia;29/11/2006;(45.016877820755425, 11.07609463264049)
12017;Biossido di Azoto;µg/m³;1297;Spinadesco v.Battisti;48;CR;Spinadesco;08/02/2011;(45.150468869856816, 9.930596472272326)
5827;Monossido di Carbonio;mg/m³;501;Milano v.Marche;129;MI;Milano;05/04/1989;(45.49631644365102, 9.190933555313624)
5587;Biossido di Azoto;µg/m³;584;Bergamo v.Garibaldi;249;BG;Bergamo;21/06/1994;(45.69568034432694, 9.66124914606551)
6803;Ossidi di Azoto;µg/m³;654;Sarezzo v.Minelli;269;BS;Sarezzo;01/01/1990;(45.64962671224069, 10.205090218837002)
10168;Biossido di Zolfo;µg/m³;703;Schivenoglia v. Malpasso;NULL;MN;Schivenoglia;13/12/2006;(45.016877820755425, 11.07609463264049)
10583;Ossidi di Azoto;µg/m³;1274;Perledo P.zza della stazione;212;LC;Perledo;01/09/2010;(46.01582830438376, 9.286409208680807)
5670;Biossido di Zolfo;µg/m³;584;Bergamo v.Garibaldi;249;BG;Bergamo;16/06/1994;(45.69568034432694, 9.66124914606551)
5700;Biossido di Zolfo;µg/m³;571;Bormio v.Monte Braulio;1225;SO;Bormio;01/11/1993;(46.46952397132585, 10.375432759159036)
6804;Ozono;µg/m³;654;Sarezzo v.Minelli;269;BS;Sarezzo;12/03/2004;(45.64962671224069, 10.205090218837002)
17293;PM10 (SM2005);µg/m³;1264;Sondrio v.Paribelli;290;SO;Sondrio;09/10/2012;(46.167852440665115, 9.879209924469903)
5842;Monossido di Carbonio;mg/m³;571;Bormio v.Monte Braulio;1225;SO;Bormio;02/11/1993;(46.46952397132585, 10.375432759159036)
6324;Ossidi di Azoto;µg/m³;531;Pioltello Limito;114;MI;Pioltello;12/05/1989;(45.48363035323249, 9.327360033215145)
10176;Particelle sospese PM2.5;µg/m³;703;Schivenoglia v. Malpasso;NULL;MN;Schivenoglia;13/12/2006;(45.016877820755425, 11.07609463264049)
10109;Biossido di Zolfo;µg/m³;698;Ceneselli v. Moro;13;RO;Ceneselli;28/11/2006;(45.01325676849334, 11.372344948058235)
6910;PM10 (SM2005);µg/m³;542;Meda v. Gagarin;222;MB;Meda;06/02/1998;(45.66176219189168, 9.156643984551597)
5605;Biossido di Azoto;µg/m³;602;Melegnano v.Predabissi;83;MI;Melegnano;13/01/2000;(45.35428575070997, 9.329243424113708)
5732;Ozono;µg/m³;573;Colico v.La Madoneta;229;LC;Colico;06/11/1996;(46.1381409051264, 9.384687247651794)
5542;Biossido di Azoto;µg/m³;539;Milano v.Liguria;115;MI;Milano;24/10/1991;(45.443857653564926, 9.167944501742676)
10581;Biossido di Azoto;µg/m³;1274;Perledo P.zza della stazione;212;LC;Perledo;01/09/2010;(46.01582830438376, 9.286409208680807)
5574;Biossido di Azoto;µg/m³;571;Bormio v.Monte Braulio;1225;SO;Bormio;01/11/1993;(46.46952397132585, 10.375432759159036)
6706;Ossidi di Azoto;µg/m³;643;Pavia p.zza Minerva;77;PV;Pavia;03/03/2002;(45.18632908049483, 9.146666041286784)
6927;PM10 (SM2005);µg/m³;574;Lecco v. Amendola;214;LC;Lecco;12/05/2000;(45.850191194578535, 9.395577066893223)
9835;PM10 (SM2005);µg/m³;664;Mantova p.zza Gramsci;18;MN;Mantova;28/12/2004;(45.151743379576594, 10.78140770009565)
9860;Ossidi di Azoto;µg/m³;673;Voghera v.Pozzoni;90;PV;Voghera;28/07/2005;(44.99954598914026, 9.008437381815693)
20493;Ossidi di Azoto;µg/m³;1801;Brescia v.Tartaglia;151;BS;Brescia;;(45.542647891822845, 10.211205215118259)
6218;Ossidi di Azoto;µg/m³;583;Bergamo v.Meucci;249;BG;Bergamo;01/06/1989;(45.69103740547214, 9.643650579461385)
9930;Ossidi di Azoto;µg/m³;677;Cremona Via Fatebenefratelli;43;CR;Cremona;11/04/2006;(45.14254063221695, 10.043836158369393)
10270;Ozono;µg/m³;655;Darfo Boario Terme v. De Amicis;221;BS;Darfo Boario Terme;01/01/2007;(45.87460210989037, 10.17735680898138)
10484;PM10 (SM2005);µg/m³;1266;Bertonico v.Moro;65;LO;Bertonico;03/08/2009;(45.23349364130374, 9.666250375296032)
10027;PM10 (SM2005);µg/m³;685;Calusco d'Adda v. Caduti sul Lavoro;273;BG;Calusco d'Adda;30/06/2006;(45.69042907854514, 9.484260927647789)
10405;PM10 (SM2005);µg/m³;584;Bergamo v.Garibaldi;249;BG;Bergamo;19/12/2008;(45.69568034432694, 9.66124914606551)
6956;PM10 (SM2005);µg/m³;528;Milano Verziere;116;MI;Milano;01/11/2001;(45.463346740666545, 9.195324807668857)
9961;PM10 (SM2005);µg/m³;669;Brescia Villaggio Sereno;70;BS;Brescia;01/01/2006;(45.513038818653754, 10.19194188877931)
5794;Monossido di Carbonio;mg/m³;584;Bergamo v.Garibaldi;249;BG;Bergamo;16/06/1994;(45.69568034432694, 9.66124914606551)
17295;Ozono;µg/m³;558;Busto Arsizio  Accam;206;VA;Busto Arsizio;26/01/2013;(45.582894292717725, 8.842165456706075)
9997;Ozono;µg/m³;682;Ferrera Erbognone ENI;88;PV;Ferrera Erbognone;21/01/2006;(45.11350314482957, 8.874064848882607)
10343;PM10 (SM2005);µg/m³;708;Parona v. della Miseria;112;PV;Parona;28/09/2007;(45.281935610357905, 8.754334594539825)
17159;Particelle sospese PM2.5;µg/m³;633;Soresina v. Landriani;70;CR;Soresina;11/10/2012;(45.28397715446764, 9.863398419993635)
20441;Ossidi di Azoto;µg/m³;681;Moggio Loc. Penscei;1194;LC;Moggio;17/03/2007;(45.91278752030292, 9.497538167653424)
5599;Biossido di Azoto;µg/m³;596;Osio Sotto v.per Levate;182;BG;Osio Sotto;06/04/2000;(45.62055567939559, 9.611737821812373)
20034;Biossido di Azoto;µg/m³;693;Sannazzaro de' Burgondi v.Traversi;85;PV;Sannazzaro de' Burgondi;16/09/2006;(45.10276627684137, 8.90417452771467)
6246;Ossidi di Azoto;µg/m³;573;Colico v.La Madoneta;229;LC;Colico;06/11/1996;(46.1381409051264, 9.384687247651794)
6386;Ossidi di Azoto;µg/m³;558;Busto Arsizio  Accam;206;VA;Busto Arsizio;06/12/1998;(45.582894292717725, 8.842165456706075)
10038;Biossido di Azoto;µg/m³;687;Ferno v.Di Dio;215;VA;Ferno;06/11/2006;(45.61924377994763, 8.756970445453431)
9872;PM10 (SM2005);µg/m³;673;Voghera v.Pozzoni;90;PV;Voghera;05/07/2005;(44.99954598914026, 9.008437381815693)
6610;Particolato Totale Sospeso;µg/m³;612;Filago v.Fermi;176;BG;Filago;01/01/1992;(45.6244564811923, 9.556504350318216)
6904;Ozono;µg/m³;596;Osio Sotto v.per Levate;182;BG;Osio Sotto;08/09/2004;(45.62055567939559, 9.611737821812373)
10501;PM10 (SM2005);µg/m³;655;Darfo Boario Terme v. De Amicis;221;BS;Darfo Boario Terme;23/12/2008;(45.87460210989037, 10.17735680898138)
6402;Ossidi di Azoto;µg/m³;552;Varese v.Vidoletti;425;VA;Varese;23/12/1991;(45.83690077655548, 8.80392612667495)
9972;Ozono;µg/m³;679;Valmadrera v.Pozzi;247;LC;Valmadrera;21/02/2006;(45.842207261022544, 9.351658166127958)
9917;Ossidi di Azoto;µg/m³;663;Mantova v.Ariosto;18;MN;Mantova;05/06/2004;(45.14526012578896, 10.80332595007927)
6912;PM10 (SM2005);µg/m³;546;Magenta v. F. Turati;137;MI;Magenta;25/02/1998;(45.462415791106615, 8.880210433125571)
5551;Biossido di Azoto;µg/m³;548;Milano v.Senato;118;MI;Milano;21/04/1995;(45.470499014097, 9.197460360112531)
5953;Biossido di Azoto;µg/m³;627;Cremona P.zza Cadorna;39;CR;Cremona;12/12/1997;(45.13194691285173, 10.015741513336042)
5577;Biossido di Azoto;µg/m³;574;Lecco v. Amendola;214;LC;Lecco;17/02/1991;(45.850191194578535, 9.395577066893223)
5554;Biossido di Azoto;µg/m³;551;Arconate v. De Gasperi;182;MI;Arconate;20/01/1999;(45.54851735741946, 8.847321929216262)
6832;Ozono;µg/m³;657;Lonato del Garda v.del Marchesino;180;BS;Lonato del Garda;14/03/2004;(45.463753136210265, 10.480772043571283)
5717;Ozono;µg/m³;531;Pioltello Limito;114;MI;Pioltello;13/05/1989;(45.48363035323249, 9.327360033215145)
10438;Particelle sospese PM2.5;µg/m³;1264;Sondrio v.Paribelli;290;SO;Sondrio;11/11/2008;(46.167852440665115, 9.879209924469903)
10013;Particelle sospese PM2.5;µg/m³;576;Merate v. Madonna di Loreto;279;LC;Merate;10/09/2006;(45.69795198970243, 9.406190938686596)
5989;Benzene;µg/m³;584;Bergamo v.Garibaldi;249;BG;Bergamo;02/08/1997;(45.69568034432694, 9.66124914606551)
9875;Ossidi di Azoto;µg/m³;674;Monza v.Machiavelli;162;MB;Monza;21/10/2005;(45.58026348442243, 9.273573092713274)
5517;Biossido di Azoto;µg/m³;514;Rho via Buon Gesù;152;MI;Rho;03/10/1991;(45.523425662003476, 9.044599871111005)
10586;Particelle sospese PM2.5;µg/m³;677;Cremona Via Fatebenefratelli;43;CR;Cremona;28/07/2010;(45.14254063221695, 10.043836158369393)
5965;Biossido di Azoto;µg/m³;633;Soresina v. Landriani;70;CR;Soresina;16/10/1999;(45.28397715446764, 9.863398419993635)
17037;Benzo(a)pirene;ng/m³;583;Bergamo v.Meucci;249;BG;Bergamo;14/01/2012;(45.69103740547214, 9.643650579461385)
17126;Benzene;µg/m³;705;Milano Pascal Città Studi;122;MI;Milano;13/09/2012;(45.47899606168744, 9.235491038497502)
5832;Monossido di Carbonio;mg/m³;514;Rho via Buon Gesù;152;MI;Rho;02/10/1991;(45.523425662003476, 9.044599871111005)
12577;Particelle sospese PM2.5;µg/m³;627;Cremona P.zza Cadorna;39;CR;Cremona;01/01/2012;(45.13194691285173, 10.015741513336042)
10326;Biossido di Azoto;µg/m³;708;Parona v. della Miseria;112;PV;Parona;01/10/2007;(45.281935610357905, 8.754334594539825)
10335;PM10 (SM2005);µg/m³;709;Vigevano v.Valletta;109;PV;Vigevano;08/08/2007;(45.303607869655714, 8.844804609965438)
6884;Ozono;µg/m³;665;Viadana v. Cavalli;37;MN;Viadana;01/10/2003;(44.92469404955067, 10.517502067117825)
10028;Particelle sospese PM2.5;µg/m³;685;Calusco d'Adda v. Caduti sul Lavoro;273;BG;Calusco d'Adda;30/06/2006;(45.69042907854514, 9.484260927647789)
6328;Ossidi di Azoto;µg/m³;501;Milano v.Marche;129;MI;Milano;18/09/1980;(45.49631644365102, 9.190933555313624)
6918;PM10 (SM2005);µg/m³;560;Varese v.Copelli;383;VA;Varese;17/07/2003;(45.816973233263674, 8.820240707158211)
6813;Biossido di Azoto;µg/m³;656;Gambara v.Parma;47;BS;Gambara;16/02/1990;(45.24954362474624, 10.299119496064078)
10020;Biossido di Zolfo;µg/m³;685;Calusco d'Adda v. Caduti sul Lavoro;273;BG;Calusco d'Adda;30/06/2006;(45.69042907854514, 9.484260927647789)
5730;Ozono;µg/m³;564;Erba v. Battisti;279;CO;Erba;01/01/2009;(45.808573806922965, 9.221779204488435)
5719;Ozono;µg/m³;542;Meda v. Gagarin;222;MB;Meda;01/11/1995;(45.66176219189168, 9.156643984551597)
6220;Ossidi di Azoto;µg/m³;584;Bergamo v.Garibaldi;249;BG;Bergamo;21/06/1994;(45.69568034432694, 9.66124914606551)
5805;Monossido di Carbonio;mg/m³;574;Lecco v. Amendola;214;LC;Lecco;17/02/1991;(45.850191194578535, 9.395577066893223)
12688;Benzo(a)pirene;ng/m³;633;Soresina v. Landriani;70;CR;Soresina;02/04/2008;(45.28397715446764, 9.863398419993635)
10432;Biossido di Azoto;µg/m³;1264;Sondrio v.Paribelli;290;SO;Sondrio;04/01/2009;(46.167852440665115, 9.879209924469903)
6784;Ossidi di Azoto;µg/m³;652;Brescia v.Turati;154;BS;Brescia;01/10/1999;(45.539529434955995, 10.231785907477223)
10074;Biossido di Azoto;µg/m³;694;Salionze v. Campagna Rossa;109;VR;Salionze;30/11/2006;(45.40331375821289, 10.72659797077939)
20041;Ozono;µg/m³;670;Mantova S.Agnese;22;MN;Mantova;13/12/2013;(45.16056833010576, 10.79556411370788)
9899;Ozono;µg/m³;609;Casirate d'Adda v. Cimitero;108;BG;Casirate d'Adda;01/12/2005;(45.49822713394494, 9.556232262351761)
30166;Benzene;µg/m³;652;Brescia v.Turati;154;BS;Brescia;01/01/2016;(45.539529434955995, 10.231785907477223)
9927;PM10 (SM2005);µg/m³;677;Cremona Via Fatebenefratelli;43;CR;Cremona;08/04/2006;(45.14254063221695, 10.043836158369393)
10037;Ossidi di Azoto;µg/m³;687;Ferno v.Di Dio;215;VA;Ferno;06/11/2006;(45.61924377994763, 8.756970445453431)
30159;Ossidi di Azoto;µg/m³;655;Darfo Boario Terme v. De Amicis;221;BS;Darfo Boario Terme;23/01/2013;(45.87460210989037, 10.17735680898138)
6926;PM10 (SM2005);µg/m³;572;Morbegno v.Cortivacci;262;SO;Morbegno;14/12/1999;(46.132282960003735, 9.566179893984474)
6260;Ossidi di Azoto;µg/m³;607;Abbadia Cerreto v. Fanfulla;64;LO;Abbadia Cerreto;13/01/2000;(45.309502269282255, 9.585790416120414)
11041;Biossido di Zolfo;µg/m³;674;Monza v.Machiavelli;162;MB;Monza;10/02/2011;(45.58026348442243, 9.273573092713274)
5631;Biossido di Zolfo;µg/m³;546;Magenta v. F. Turati;137;MI;Magenta;22/04/1995;(45.462415791106615, 8.880210433125571)
5630;Biossido di Zolfo;µg/m³;531;Pioltello Limito;114;MI;Pioltello;07/05/1989;(45.48363035323249, 9.327360033215145)
5531;Biossido di Azoto;µg/m³;528;Milano Verziere;116;MI;Milano;24/11/1988;(45.463346740666545, 9.195324807668857)
5607;Biossido di Azoto;µg/m³;604;Tavazzano con Villavesco v.Cascina Bagnolo;85;LO;Tavazzano con Villavesco;13/01/2000;(45.33036100181227, 9.414644726627262)
10259;Benzene;µg/m³;569;Sondrio v.Mazzini;307;SO;Sondrio;19/09/2006;(46.16796681227828, 9.87014407497457)
10016;Biossido di Zolfo;µg/m³;664;Mantova p.zza Gramsci;18;MN;Mantova;30/10/2006;(45.151743379576594, 10.78140770009565)
29041;Benzene;µg/m³;561;Como v.Cattaneo;202;CO;Como;;(45.81504286011291, 9.06697137484454)
6945;PM10 (SM2005);µg/m³;633;Soresina v. Landriani;70;CR;Soresina;04/02/2000;(45.28397715446764, 9.863398419993635)
9920;Ossidi di Azoto;µg/m³;665;Viadana v. Cavalli;37;MN;Viadana;15/06/2004;(44.92469404955067, 10.517502067117825)
5564;Biossido di Azoto;µg/m³;561;Como v.Cattaneo;202;CO;Como;17/02/1991;(45.81504286011291, 9.06697137484454)
6958;PM10 (SM2005);µg/m³;569;Sondrio v.Mazzini;307;SO;Sondrio;08/12/1999;(46.16796681227828, 9.87014407497457)
10396;Particelle sospese PM2.5;µg/m³;674;Monza v.Machiavelli;162;MB;Monza;19/12/2008;(45.58026348442243, 9.273573092713274)
6951;PM10 (SM2005);µg/m³;649;Brescia v.Broletto;149;BS;Brescia;23/09/2000;(45.540057846971386, 10.222818449274216)
6908;PM10 (SM2005);µg/m³;531;Pioltello Limito;114;MI;Pioltello;21/02/1998;(45.48363035323249, 9.327360033215145)
10085;Particelle sospese PM2.5;µg/m³;695;Ponti sul Mincio v.San Martino;113;MN;Ponti sul Mincio;12/01/2007;(45.41277169168634, 10.683357343786835)
10036;Benzene;µg/m³;673;Voghera v.Pozzoni;90;PV;Voghera;28/07/2005;(44.99954598914026, 9.008437381815693)
9995;Monossido di Carbonio;mg/m³;682;Ferrera Erbognone ENI;88;PV;Ferrera Erbognone;21/01/2006;(45.11350314482957, 8.874064848882607)
6845;Ossidi di Azoto;µg/m³;659;Odolo v.Praes;349;BS;Odolo;08/10/1990;(45.64604963372525, 10.38929530279196)
6870;Benzene;µg/m³;663;Mantova v.Ariosto;18;MN;Mantova;01/01/2003;(45.14526012578896, 10.80332595007927)
6234;Ossidi di Azoto;µg/m³;564;Erba v. Battisti;279;CO;Erba;13/06/2009;(45.808573806922965, 9.221779204488435)
10279;Biossido di Azoto;µg/m³;705;Milano Pascal Città Studi;122;MI;Milano;16/06/2007;(45.47899606168744, 9.235491038497502)
30158;Particelle sospese PM2.5;µg/m³;649;Brescia v.Broletto;149;BS;Brescia;13/12/2013;(45.540057846971386, 10.222818449274216)
5739;Ozono;µg/m³;571;Bormio v.Monte Braulio;1225;SO;Bormio;29/05/1996;(46.46952397132585, 10.375432759159036)
6859;Biossido di Azoto;µg/m³;661;Rezzato v.De Gasperi;147;BS;Rezzato;05/08/1992;(45.51570829484459, 10.336240422996532)
10095;Ossidi di Azoto;µg/m³;697;Borgofranco sul Po loc. Bonizzo;14;MN;Borgofranco sul Po;29/11/2006;(45.04650153816735, 11.18093581912755)
6781;Biossido di Azoto;µg/m³;652;Brescia v.Turati;154;BS;Brescia;13/01/1999;(45.539529434955995, 10.231785907477223)
5547;Biossido di Azoto;µg/m³;544;Cormano v. Edison;153;MI;Cormano;24/10/1994;(45.551041944372415, 9.162613653151322)
6419;Ossidi di Azoto;µg/m³;629;Crema v.XI febbraio;79;CR;Crema;01/01/2002;(45.366309078194334, 9.703945513613167)
10081;Ozono;µg/m³;695;Ponti sul Mincio v.San Martino;113;MN;Ponti sul Mincio;06/02/2007;(45.41277169168634, 10.683357343786835)
20487;Monossido di Carbonio;mg/m³;695;Ponti sul Mincio v.San Martino;113;MN;Ponti sul Mincio;01/06/2021;(45.41277169168634, 10.683357343786835)
6204;Ossidi di Azoto;µg/m³;592;Treviglio p.zza Insurrezione;191;BG;Treviglio;02/06/1991;(45.51933498138716, 9.592009994888425)
5609;Biossido di Azoto;µg/m³;606;San Giuliano Milanese via Milano;97;MI;San Giuliano Milanese;13/01/2000;(45.39619462552717, 9.282700075557845)
10167;Biossido di Azoto;µg/m³;703;Schivenoglia v. Malpasso;NULL;MN;Schivenoglia;29/11/2006;(45.016877820755425, 11.07609463264049)
10018;Benzene;µg/m³;685;Calusco d'Adda v. Caduti sul Lavoro;273;BG;Calusco d'Adda;30/06/2006;(45.69042907854514, 9.484260927647789)
12611;Benzo(a)pirene;ng/m³;546;Magenta v. F. Turati;137;MI;Magenta;15/04/2008;(45.462415791106615, 8.880210433125571)
9965;PM10 (SM2005);µg/m³;609;Casirate d'Adda v. Cimitero;108;BG;Casirate d'Adda;01/01/2006;(45.49822713394494, 9.556232262351761)
6057;Benzene;µg/m³;548;Milano v.Senato;118;MI;Milano;01/01/1999;(45.470499014097, 9.197460360112531)
10580;Biossido di Zolfo;µg/m³;627;Cremona P.zza Cadorna;39;CR;Cremona;01/09/2010;(45.13194691285173, 10.015741513336042)
10041;Ozono;µg/m³;687;Ferno v.Di Dio;215;VA;Ferno;06/11/2006;(45.61924377994763, 8.756970445453431)
6230;Ossidi di Azoto;µg/m³;565;Cantù v.Meucci;369;CO;Cantù;01/07/1994;(45.73083672267427, 9.125734327022926)
6364;Ossidi di Azoto;µg/m³;517;Turbigo vicolo dello sport;141;MI;Turbigo;11/01/1990;(45.52655086994247, 8.736496578379215)
6338;Ossidi di Azoto;µg/m³;545;Motta Visconti v. De Gasperi;100;MI;Motta Visconti;17/03/1998;(45.281956197427846, 8.988562726793255)
6374;Ossidi di Azoto;µg/m³;571;Bormio v.Monte Braulio;1225;SO;Bormio;01/11/1993;(46.46952397132585, 10.375432759159036)
5725;Ozono;µg/m³;528;Milano Verziere;116;MI;Milano;20/09/1988;(45.463346740666545, 9.195324807668857)
10019;Biossido di Azoto;µg/m³;685;Calusco d'Adda v. Caduti sul Lavoro;273;BG;Calusco d'Adda;30/06/2006;(45.69042907854514, 9.484260927647789)
20401;Benzene;µg/m³;571;Bormio v.Monte Braulio;1225;SO;Bormio;21/02/2017;(46.46952397132585, 10.375432759159036)
12605;Benzo(a)pirene;ng/m³;655;Darfo Boario Terme v. De Amicis;221;BS;Darfo Boario Terme;17/04/2008;(45.87460210989037, 10.17735680898138)
30163;Biossido di Azoto;µg/m³;669;Brescia Villaggio Sereno;70;BS;Brescia;13/12/2013;(45.513038818653754, 10.19194188877931)
17162;Particelle sospese PM2.5;µg/m³;681;Moggio Loc. Penscei;1194;LC;Moggio;20/10/2012;(45.91278752030292, 9.497538167653424)
5652;Biossido di Zolfo;µg/m³;558;Busto Arsizio  Accam;206;VA;Busto Arsizio;06/12/1998;(45.582894292717725, 8.842165456706075)
6354;Ossidi di Azoto;µg/m³;548;Milano v.Senato;118;MI;Milano;21/04/1995;(45.470499014097, 9.197460360112531)
12676;Benzo(a)pirene;ng/m³;1264;Sondrio v.Paribelli;290;SO;Sondrio;22/04/2008;(46.167852440665115, 9.879209924469903)
6939;PM10 (SM2005);µg/m³;600;Lodi v.Vignati;80;LO;Lodi;05/12/2000;(45.30601298752377, 9.48526286320174)
10584;Ozono;µg/m³;1274;Perledo P.zza della stazione;212;LC;Perledo;01/09/2010;(46.01582830438376, 9.286409208680807)
6665;Ozono;µg/m³;565;Cantù v.Meucci;369;CO;Cantù;17/01/2005;(45.73083672267427, 9.125734327022926)
9991;Ozono;µg/m³;681;Moggio Loc. Penscei;1194;LC;Moggio;12/07/2006;(45.91278752030292, 9.497538167653424)
17286;Biossido di Azoto;µg/m³;1374;Monza Parco;181;MB;Monza;01/05/2013;(45.60123219955139, 9.27507265782848)
17290;PM10 (SM2005);µg/m³;1374;Monza Parco;181;MB;Monza;15/02/2013;(45.60123219955139, 9.27507265782848)
17285;Ossidi di Azoto;µg/m³;1374;Monza Parco;181;MB;Monza;01/05/2013;(45.60123219955139, 9.27507265782848)
17288;Ozono;µg/m³;1374;Monza Parco;181;MB;Monza;09/02/2013;(45.60123219955139, 9.27507265782848)
12029;Particelle sospese PM2.5;µg/m³;706;Lecco v.Sora;272;LC;Lecco;31/12/2000;(45.86374884127965, 9.399950344681852)
10035;Benzene;µg/m³;672;Cornale v.Libertà;74;PV;Cornale;02/02/2006;(45.04007657202963, 8.914144599002409)
5721;Ozono;µg/m³;545;Motta Visconti v. De Gasperi;100;MI;Motta Visconti;17/03/1998;(45.281956197427846, 8.988562726793255)
5847;Monossido di Carbonio;mg/m³;558;Busto Arsizio  Accam;206;VA;Busto Arsizio;06/12/1998;(45.582894292717725, 8.842165456706075)
6408;Ossidi di Azoto;µg/m³;626;Corte de' Cortesi con Cignone v. Villa Strada Forca;57;CR;Corte de' Cortesi con Cignone;01/01/2002;(45.27848755478839, 10.006202391204335)
6877;Biossido di Azoto;µg/m³;664;Mantova p.zza Gramsci;18;MN;Mantova;08/06/2004;(45.151743379576594, 10.78140770009565)
6954;PM10 (SM2005);µg/m³;661;Rezzato v.De Gasperi;147;BS;Rezzato;27/01/1997;(45.51570829484459, 10.336240422996532)
9880;Monossido di Carbonio;mg/m³;674;Monza v.Machiavelli;162;MB;Monza;21/10/2005;(45.58026348442243, 9.273573092713274)
9740;PM10 (SM2005);µg/m³;604;Tavazzano con Villavesco v.Cascina Bagnolo;85;LO;Tavazzano con Villavesco;05/04/2005;(45.33036100181227, 9.414644726627262)
10437;Ozono;µg/m³;1264;Sondrio v.Paribelli;290;SO;Sondrio;04/01/2009;(46.167852440665115, 9.879209924469903)
10457;Ossidi di Azoto;µg/m³;1266;Bertonico v.Moro;65;LO;Bertonico;03/08/2009;(45.23349364130374, 9.666250375296032)
5586;Biossido di Azoto;µg/m³;583;Bergamo v.Meucci;249;BG;Bergamo;01/06/1989;(45.69103740547214, 9.643650579461385)
5952;Ozono;µg/m³;626;Corte de' Cortesi con Cignone v. Villa Strada Forca;57;CR;Corte de' Cortesi con Cignone;17/05/1996;(45.27848755478839, 10.006202391204335)
9804;Ossidi di Azoto;µg/m³;670;Mantova S.Agnese;22;MN;Mantova;23/04/2006;(45.16056833010576, 10.79556411370788)
9877;Biossido di Azoto;µg/m³;674;Monza v.Machiavelli;162;MB;Monza;21/10/2005;(45.58026348442243, 9.273573092713274)
12574;Particelle sospese PM2.5;µg/m³;693;Sannazzaro de' Burgondi v.Traversi;85;PV;Sannazzaro de' Burgondi;07/01/2013;(45.10276627684137, 8.90417452771467)
10327;Biossido di Zolfo;µg/m³;708;Parona v. della Miseria;112;PV;Parona;15/08/2007;(45.281935610357905, 8.754334594539825)
6288;Ossidi di Azoto;µg/m³;551;Arconate v. De Gasperi;182;MI;Arconate;20/01/1999;(45.54851735741946, 8.847321929216262)
6382;Ossidi di Azoto;µg/m³;569;Sondrio v.Mazzini;307;SO;Sondrio;01/11/1993;(46.16796681227828, 9.87014407497457)
5797;Monossido di Carbonio;mg/m³;565;Cantù v.Meucci;369;CO;Cantù;04/10/1993;(45.73083672267427, 9.125734327022926)
5677;Biossido di Zolfo;µg/m³;564;Erba v. Battisti;279;CO;Erba;13/06/2009;(45.808573806922965, 9.221779204488435)
20005;BlackCarbon;µg/m³;548;Milano v.Senato;118;MI;Milano;30/09/2013;(45.470499014097, 9.197460360112531)
5844;Monossido di Carbonio;mg/m³;572;Morbegno v.Cortivacci;262;SO;Morbegno;13/01/1999;(46.132282960003735, 9.566179893984474)
9888;Monossido di Carbonio;mg/m³;583;Bergamo v.Meucci;249;BG;Bergamo;11/03/2005;(45.69103740547214, 9.643650579461385)
5807;Monossido di Carbonio;mg/m³;576;Merate v. Madonna di Loreto;279;LC;Merate;24/12/1991;(45.69795198970243, 9.406190938686596)
5662;Biossido di Zolfo;µg/m³;592;Treviglio p.zza Insurrezione;191;BG;Treviglio;02/06/1991;(45.51933498138716, 9.592009994888425)
